Study_Hours,Predicted_Marks,Status
0.0,50.44735503694244,PASS
0.5,52.4152140452666,PASS
1.0,54.38307305359076,PASS
1.5,56.350932061914925,PASS
2.0,58.31879107023909,PASS
2.5,60.28665007856325,PASS
3.0,62.25450908688741,PASS
